-- --------------------------------------------------------
-- 호스트:                          127.0.0.1
-- 서버 버전:                        10.2.6-MariaDB-log - mariadb.org binary distribution
-- 서버 OS:                        Win64
-- HeidiSQL 버전:                  9.4.0.5125
-- --------------------------------------------------------

/*!40101 SET @OLD_CHARACTER_SET_CLIENT=@@CHARACTER_SET_CLIENT */;
/*!40101 SET NAMES utf8 */;
/*!50503 SET NAMES utf8mb4 */;
/*!40014 SET @OLD_FOREIGN_KEY_CHECKS=@@FOREIGN_KEY_CHECKS, FOREIGN_KEY_CHECKS=0 */;
/*!40101 SET @OLD_SQL_MODE=@@SQL_MODE, SQL_MODE='NO_AUTO_VALUE_ON_ZERO' */;


-- iot 데이터베이스 구조 내보내기
DROP DATABASE IF EXISTS `iot`;
CREATE DATABASE IF NOT EXISTS `iot` /*!40100 DEFAULT CHARACTER SET utf8 */;
USE `iot`;

-- 테이블 iot.board_info 구조 내보내기
DROP TABLE IF EXISTS `board_info`;
CREATE TABLE IF NOT EXISTS `board_info` (
  `binum` int(5) NOT NULL AUTO_INCREMENT,
  `bititle` varchar(255) NOT NULL,
  `bicontent` text NOT NULL,
  `bipwd` varchar(100) NOT NULL,
  `creusr` varchar(100) NOT NULL,
  `credat` datetime NOT NULL,
  PRIMARY KEY (`binum`)
) ENGINE=InnoDB AUTO_INCREMENT=14 DEFAULT CHARSET=utf8;

-- 테이블 데이터 iot.board_info:~9 rows (대략적) 내보내기
DELETE FROM `board_info`;
/*!40000 ALTER TABLE `board_info` DISABLE KEYS */;
INSERT INTO `board_info` (`binum`, `bititle`, `bicontent`, `bipwd`, `creusr`, `credat`) VALUES
	(1, 'red', 'red1', '1234', '홍길동', '2017-07-24 18:28:50'),
	(4, 'ID', 'WOWTORI', 'red', '홍길동', '2017-07-27 04:34:36'),
	(6, 'Finally', 'I\'ve Done!!!', 'purple', '자길동', '2017-07-27 16:44:27'),
	(7, 'Alpha', 'Bravo', 'purple', '자길동', '2017-07-27 16:47:35'),
	(8, 'Zulu', 'Yankee', 'purple', '자길동', '2017-07-27 16:49:25'),
	(9, 'Oscar', 'Papa', 'blue', '청길동', '2017-07-27 18:09:38'),
	(10, 'Romeo', 'Sierra', 'blue', '청길동', '2017-07-27 18:10:13'),
	(11, 'Lima', 'Mike', 'green', '녹길동', '2017-07-27 18:11:06'),
	(12, 'Victor', 'Whiskey', 'green', '녹길동', '2017-07-27 18:12:28');
/*!40000 ALTER TABLE `board_info` ENABLE KEYS */;

-- 테이블 iot.cal 구조 내보내기
DROP TABLE IF EXISTS `cal`;
CREATE TABLE IF NOT EXISTS `cal` (
  `calnum` int(11) NOT NULL AUTO_INCREMENT,
  `num1` int(11) NOT NULL,
  `op` char(1) NOT NULL,
  `num2` int(11) NOT NULL,
  `result` int(11) NOT NULL,
  PRIMARY KEY (`calnum`)
) ENGINE=InnoDB AUTO_INCREMENT=16 DEFAULT CHARSET=utf8;

-- 테이블 데이터 iot.cal:~15 rows (대략적) 내보내기
DELETE FROM `cal`;
/*!40000 ALTER TABLE `cal` DISABLE KEYS */;
INSERT INTO `cal` (`calnum`, `num1`, `op`, `num2`, `result`) VALUES
	(1, 1, '+', 2, 3),
	(2, 3, '-', 4, -1),
	(3, 1, '+', 2, 3),
	(4, 2, '+', 3, 5),
	(5, 4, '-', 2, 2),
	(6, 4, '*', 6, 24),
	(7, 8, '/', 2, 4),
	(8, 1, '+', 2, 3),
	(9, 1, '+', 2, 3),
	(10, 1, '+', 2, 3),
	(11, 1, '+', 2, 3),
	(12, 11, '+', 2, 13),
	(13, 1, '+', 2, 3),
	(14, 2, '/', 3, 0),
	(15, 4, '*', 5, 20);
/*!40000 ALTER TABLE `cal` ENABLE KEYS */;

-- 테이블 iot.goods_info 구조 내보내기
DROP TABLE IF EXISTS `goods_info`;
CREATE TABLE IF NOT EXISTS `goods_info` (
  `ginum` int(11) NOT NULL AUTO_INCREMENT,
  `giname` varchar(200) NOT NULL,
  `gidesc` varchar(300) NOT NULL,
  `vinum` int(11) NOT NULL,
  `gicredat` varchar(8) NOT NULL,
  `gicretim` varchar(6) NOT NULL,
  PRIMARY KEY (`ginum`)
) ENGINE=InnoDB AUTO_INCREMENT=1025 DEFAULT CHARSET=utf8;

-- 테이블 데이터 iot.goods_info:~1,011 rows (대략적) 내보내기
DELETE FROM `goods_info`;
/*!40000 ALTER TABLE `goods_info` DISABLE KEYS */;
INSERT INTO `goods_info` (`ginum`, `giname`, `gidesc`, `vinum`, `gicredat`, `gicretim`) VALUES
	(1, '아비터', '전투비행선', 3, '20170804', '111343'),
	(2, '커세어', '전투비행선', 3, '20170804', '111351'),
	(3, '템플러', '지상전투원', 3, '20170804', '111450'),
	(4, '드라군', '똥멍청이', 3, '20170804', '111508'),
	(5, '해병', '지상공격원', 4, '20170804', '112122'),
	(6, '시즈탱크', '전차', 4, '20170804', '112204'),
	(7, '전투순양함', '전투비행선', 4, '20170804', '112221'),
	(8, '제임스 레이너', '조연', 4, '20170804', '112244'),
	(9, '아르타니스', '조연', 3, '20170804', '112317'),
	(10, '제라툴', '우정출연', 3, '20170804', '112333'),
	(12, '스투코프', '빌런', 4, '20170804', '112411'),
	(13, '저글링', '4드론', 5, '20170818', '113126'),
	(14, '뮤탈', '이제동', 5, '20170804', '112740'),
	(15, '울트라리스크', '조용호', 5, '20170804', '112935'),
	(16, 'What?', 'Why??', 4, '20170816', '160503'),
	(17, 'photo', 'WOW', 4, '20170816', '163357'),
	(18, '발업 질럿', '일품이다', 3, '20170818', '140335'),
	(19, '우주모함', '인터셉터를 생산중..', 3, '20170818', '140503'),
	(20, '프로브', '베스핀 가스 캐는중...', 3, '20170818', '140803'),
	(21, '암흑기사단', '은밀하게', 3, '20170818', '144400'),
	(22, '테사다르', '엔타로', 3, '20170818', '171949'),
	(23, 'giname7', 'gidesc7', 3, '20170807', '124335'),
	(24, 'giname8', 'gidesc8', 3, '20170807', '124335'),
	(25, 'giname9', 'gidesc9', 3, '20170807', '124335'),
	(27, 'giname11', 'gidesc11', 3, '20170807', '124335'),
	(28, 'giname12', 'gidesc12', 3, '20170807', '124335'),
	(29, 'giname13', 'gidesc13', 3, '20170807', '124335'),
	(30, 'giname14', 'gidesc14', 3, '20170807', '124335'),
	(31, 'giname15', 'gidesc15', 3, '20170807', '124335'),
	(32, 'giname16', 'gidesc16', 3, '20170807', '124335'),
	(33, 'giname17', 'gidesc17', 3, '20170807', '124335'),
	(34, 'giname18', 'gidesc18', 3, '20170807', '124335'),
	(35, 'giname19', 'gidesc19', 3, '20170807', '124335'),
	(36, 'giname20', 'gidesc20', 3, '20170807', '124335'),
	(37, 'giname21', 'gidesc21', 3, '20170807', '124335'),
	(38, 'giname22', 'gidesc22', 3, '20170807', '124335'),
	(39, 'giname23', 'gidesc23', 3, '20170807', '124335'),
	(40, 'giname24', 'gidesc24', 3, '20170807', '124335'),
	(41, 'giname25', 'gidesc25', 3, '20170807', '124335'),
	(42, 'giname26', 'gidesc26', 3, '20170807', '124335'),
	(43, 'giname27', 'gidesc27', 3, '20170807', '124335'),
	(44, 'giname28', 'gidesc28', 3, '20170807', '124335'),
	(45, 'giname29', 'gidesc29', 3, '20170807', '124335'),
	(46, 'giname30', 'gidesc30', 3, '20170807', '124335'),
	(47, 'giname31', 'gidesc31', 3, '20170807', '124335'),
	(48, 'giname32', 'gidesc32', 3, '20170807', '124335'),
	(49, 'giname33', 'gidesc33', 3, '20170807', '124335'),
	(50, 'giname34', 'gidesc34', 3, '20170807', '124335'),
	(51, 'giname35', 'gidesc35', 3, '20170807', '124335'),
	(52, 'giname36', 'gidesc36', 3, '20170807', '124335'),
	(53, 'giname37', 'gidesc37', 3, '20170807', '124335'),
	(54, 'giname38', 'gidesc38', 3, '20170807', '124335'),
	(55, 'giname39', 'gidesc39', 3, '20170807', '124335'),
	(57, 'giname41', 'gidesc41', 3, '20170807', '124335'),
	(58, 'giname42', 'gidesc42', 3, '20170807', '124335'),
	(59, 'giname43', 'gidesc43', 3, '20170807', '124335'),
	(60, 'giname44', 'gidesc44', 3, '20170807', '124335'),
	(61, '1234', '4321', 4, '20170817', '175154'),
	(62, '아네호', '최상품', 8, '20170817', '174608'),
	(63, '4321', '11123', 5, '20170817', '174956'),
	(64, 'giname48', 'gidesc48', 3, '20170807', '124335'),
	(65, 'giname49', 'gidesc49', 3, '20170807', '124335'),
	(66, 'giname50', 'gidesc50', 3, '20170807', '124335'),
	(67, 'giname51', 'gidesc51', 3, '20170807', '124335'),
	(68, 'giname52', 'gidesc52', 3, '20170807', '124335'),
	(70, 'giname54', 'gidesc54', 3, '20170807', '124335'),
	(71, 'giname55', 'gidesc55', 3, '20170807', '124335'),
	(73, 'giname57', 'gidesc57', 3, '20170807', '124335'),
	(74, 'giname58', 'gidesc58', 3, '20170807', '124335'),
	(75, 'giname59', 'gidesc59', 3, '20170807', '124335'),
	(76, 'giname60', 'gidesc60', 3, '20170807', '124335'),
	(77, 'giname61', 'gidesc61', 3, '20170807', '124335'),
	(78, 'giname62', 'gidesc62', 3, '20170807', '124335'),
	(79, 'giname63', 'gidesc63', 3, '20170807', '124335'),
	(80, 'giname64', 'gidesc64', 3, '20170807', '124335'),
	(81, 'giname65', 'gidesc65', 3, '20170807', '124335'),
	(82, 'giname66', 'gidesc66', 3, '20170807', '124335'),
	(83, 'giname67', 'gidesc67', 3, '20170807', '124335'),
	(84, 'giname68', 'gidesc68', 3, '20170807', '124335'),
	(85, 'giname69', 'gidesc69', 3, '20170807', '124335'),
	(86, 'giname70', 'gidesc70', 3, '20170807', '124335'),
	(87, 'giname71', 'gidesc71', 3, '20170807', '124335'),
	(89, 'giname73', 'gidesc73', 3, '20170807', '124335'),
	(90, 'giname74', 'gidesc74', 3, '20170807', '124335'),
	(91, 'giname75', 'gidesc75', 3, '20170807', '124335'),
	(92, 'giname76', 'gidesc76', 3, '20170807', '124335'),
	(93, 'giname77', 'gidesc77', 3, '20170807', '124335'),
	(94, 'giname78', 'gidesc78', 3, '20170807', '124335'),
	(95, 'giname79', 'gidesc79', 3, '20170807', '124335'),
	(96, 'giname80', 'gidesc80', 3, '20170807', '124335'),
	(97, 'giname81', 'gidesc81', 3, '20170807', '124335'),
	(99, 'giname83', 'gidesc83', 3, '20170807', '124335'),
	(100, 'giname84', 'gidesc84', 3, '20170807', '124335'),
	(101, 'giname85', 'gidesc85', 3, '20170807', '124335'),
	(102, 'giname86', 'gidesc86', 3, '20170807', '124335'),
	(103, 'giname87', 'gidesc87', 3, '20170807', '124335'),
	(104, '싱글몰트', '21년산', 9, '20170817', '174542'),
	(105, 'giname89', 'gidesc89', 3, '20170807', '124335'),
	(106, 'giname90', 'gidesc90', 3, '20170807', '124335'),
	(107, 'giname91', 'gidesc91', 3, '20170807', '124335'),
	(108, 'giname92', 'gidesc92', 3, '20170807', '124335'),
	(109, 'giname93', 'gidesc93', 3, '20170807', '124335'),
	(110, 'giname94', 'gidesc94', 3, '20170807', '124335'),
	(111, 'giname95', 'gidesc95', 3, '20170807', '124335'),
	(112, 'giname96', 'gidesc96', 3, '20170807', '124335'),
	(113, 'giname97', 'gidesc97', 3, '20170807', '124335'),
	(114, 'giname98', 'gidesc98', 3, '20170807', '124335'),
	(115, 'giname99', 'gidesc99', 3, '20170807', '124335'),
	(116, 'giname100', 'gidesc100', 3, '20170807', '124335'),
	(117, 'giname101', 'gidesc101', 3, '20170807', '124335'),
	(118, 'giname102', 'gidesc102', 3, '20170807', '124335'),
	(119, 'giname103', 'gidesc103', 3, '20170807', '124335'),
	(120, 'giname104', 'gidesc104', 3, '20170807', '124335'),
	(121, 'giname105', 'gidesc105', 3, '20170807', '124335'),
	(122, 'giname106', 'gidesc106', 3, '20170807', '124335'),
	(123, 'giname107', 'gidesc107', 3, '20170807', '124335'),
	(124, 'giname108', 'gidesc108', 3, '20170807', '124335'),
	(125, 'giname109', 'gidesc109', 3, '20170807', '124335'),
	(126, 'giname110', 'gidesc110', 3, '20170807', '124335'),
	(127, 'giname111', 'gidesc111', 3, '20170807', '124335'),
	(128, 'giname112', 'gidesc112', 3, '20170807', '124335'),
	(129, 'giname113', 'gidesc113', 3, '20170807', '124335'),
	(130, 'giname114', 'gidesc114', 3, '20170807', '124335'),
	(131, 'giname115', 'gidesc115', 3, '20170807', '124335'),
	(132, 'giname116', 'gidesc116', 3, '20170807', '124335'),
	(133, 'giname117', 'gidesc117', 3, '20170807', '124335'),
	(134, 'giname118', 'gidesc118', 3, '20170807', '124335'),
	(135, 'giname119', 'gidesc119', 3, '20170807', '124335'),
	(136, 'giname120', 'gidesc120', 3, '20170807', '124335'),
	(137, 'giname121', 'gidesc121', 3, '20170807', '124335'),
	(138, 'giname122', 'gidesc122', 3, '20170807', '124335'),
	(139, 'giname123', 'gidesc123', 3, '20170807', '124335'),
	(140, 'giname124', 'gidesc124', 3, '20170807', '124335'),
	(141, 'giname125', 'gidesc125', 3, '20170807', '124335'),
	(142, 'giname126', 'gidesc126', 3, '20170807', '124335'),
	(143, 'giname127', 'gidesc127', 3, '20170807', '124335'),
	(144, 'giname128', 'gidesc128', 3, '20170807', '124335'),
	(145, 'giname129', 'gidesc129', 3, '20170807', '124335'),
	(146, 'giname130', 'gidesc130', 3, '20170807', '124335'),
	(147, 'giname131', 'gidesc131', 3, '20170807', '124335'),
	(148, 'giname132', 'gidesc132', 3, '20170807', '124335'),
	(149, 'giname133', 'gidesc133', 3, '20170807', '124335'),
	(150, 'giname134', 'gidesc134', 3, '20170807', '124335'),
	(151, 'giname135', 'gidesc135', 3, '20170807', '124335'),
	(152, 'giname136', 'gidesc136', 3, '20170807', '124335'),
	(153, 'giname137', 'gidesc137', 3, '20170807', '124335'),
	(154, 'giname138', 'gidesc138', 3, '20170807', '124335'),
	(155, 'giname139', 'gidesc139', 3, '20170807', '124335'),
	(156, 'giname140', 'gidesc140', 3, '20170807', '124335'),
	(157, 'giname141', 'gidesc141', 3, '20170807', '124335'),
	(158, 'giname142', 'gidesc142', 3, '20170807', '124335'),
	(159, 'giname143', 'gidesc143', 3, '20170807', '124335'),
	(160, 'giname144', 'gidesc144', 3, '20170807', '124335'),
	(161, 'giname145', 'gidesc145', 3, '20170807', '124335'),
	(162, 'giname146', 'gidesc146', 3, '20170807', '124335'),
	(163, 'giname147', 'gidesc147', 3, '20170807', '124335'),
	(164, 'giname148', 'gidesc148', 3, '20170807', '124335'),
	(165, 'giname149', 'gidesc149', 3, '20170807', '124335'),
	(166, 'giname150', 'gidesc150', 3, '20170807', '124335'),
	(167, 'giname151', 'gidesc151', 3, '20170807', '124335'),
	(168, 'giname152', 'gidesc152', 3, '20170807', '124335'),
	(169, 'giname153', 'gidesc153', 3, '20170807', '124335'),
	(170, 'giname154', 'gidesc154', 3, '20170807', '124335'),
	(171, 'giname155', 'gidesc155', 3, '20170807', '124335'),
	(172, 'giname156', 'gidesc156', 3, '20170807', '124335'),
	(173, 'giname157', 'gidesc157', 3, '20170807', '124335'),
	(174, 'giname158', 'gidesc158', 3, '20170807', '124335'),
	(175, 'giname159', 'gidesc159', 3, '20170807', '124335'),
	(176, 'giname160', 'gidesc160', 3, '20170807', '124335'),
	(177, 'giname161', 'gidesc161', 3, '20170807', '124335'),
	(178, 'giname162', 'gidesc162', 3, '20170807', '124335'),
	(179, 'giname163', 'gidesc163', 3, '20170807', '124335'),
	(180, 'giname164', 'gidesc164', 3, '20170807', '124335'),
	(181, 'giname165', 'gidesc165', 3, '20170807', '124335'),
	(182, 'giname166', 'gidesc166', 3, '20170807', '124335'),
	(183, 'giname167', 'gidesc167', 3, '20170807', '124335'),
	(184, 'giname168', 'gidesc168', 3, '20170807', '124335'),
	(185, 'giname169', 'gidesc169', 3, '20170807', '124335'),
	(186, 'giname170', 'gidesc170', 3, '20170807', '124335'),
	(187, 'giname171', 'gidesc171', 3, '20170807', '124335'),
	(188, 'giname172', 'gidesc172', 3, '20170807', '124335'),
	(189, 'giname173', 'gidesc173', 3, '20170807', '124335'),
	(190, 'giname174', 'gidesc174', 3, '20170807', '124335'),
	(191, 'giname175', 'gidesc175', 3, '20170807', '124335'),
	(192, 'giname176', 'gidesc176', 3, '20170807', '124335'),
	(193, 'giname177', 'gidesc177', 3, '20170807', '124335'),
	(194, 'giname178', 'gidesc178', 3, '20170807', '124335'),
	(195, 'giname179', 'gidesc179', 3, '20170807', '124335'),
	(196, 'giname180', 'gidesc180', 3, '20170807', '124335'),
	(197, 'giname181', 'gidesc181', 3, '20170807', '124335'),
	(198, 'giname182', 'gidesc182', 3, '20170807', '124335'),
	(199, 'giname183', 'gidesc183', 3, '20170807', '124335'),
	(200, 'giname184', 'gidesc184', 3, '20170807', '124335'),
	(201, 'giname185', 'gidesc185', 3, '20170807', '124335'),
	(202, 'giname186', 'gidesc186', 3, '20170807', '124335'),
	(203, 'giname187', 'gidesc187', 3, '20170807', '124335'),
	(204, 'giname188', 'gidesc188', 3, '20170807', '124335'),
	(205, 'giname189', 'gidesc189', 3, '20170807', '124335'),
	(206, 'giname190', 'gidesc190', 3, '20170807', '124335'),
	(207, 'giname191', 'gidesc191', 3, '20170807', '124335'),
	(208, 'giname192', 'gidesc192', 3, '20170807', '124335'),
	(209, 'giname193', 'gidesc193', 3, '20170807', '124335'),
	(210, 'giname194', 'gidesc194', 3, '20170807', '124335'),
	(211, 'giname195', 'gidesc195', 3, '20170807', '124335'),
	(212, 'giname196', 'gidesc196', 3, '20170807', '124335'),
	(213, 'giname197', 'gidesc197', 3, '20170807', '124335'),
	(214, 'giname198', 'gidesc198', 3, '20170807', '124335'),
	(215, 'giname199', 'gidesc199', 3, '20170807', '124335'),
	(216, 'giname200', 'gidesc200', 3, '20170807', '124335'),
	(217, 'giname201', 'gidesc201', 3, '20170807', '124335'),
	(218, 'giname202', 'gidesc202', 3, '20170807', '124335'),
	(219, 'giname203', 'gidesc203', 3, '20170807', '124335'),
	(220, 'giname204', 'gidesc204', 3, '20170807', '124335'),
	(221, 'giname205', 'gidesc205', 3, '20170807', '124335'),
	(222, 'giname206', 'gidesc206', 3, '20170807', '124335'),
	(223, 'giname207', 'gidesc207', 3, '20170807', '124335'),
	(224, 'giname208', 'gidesc208', 3, '20170807', '124335'),
	(225, 'giname209', 'gidesc209', 3, '20170807', '124335'),
	(226, 'giname210', 'gidesc210', 3, '20170807', '124335'),
	(227, 'giname211', 'gidesc211', 3, '20170807', '124335'),
	(228, 'giname212', 'gidesc212', 3, '20170807', '124335'),
	(229, 'giname213', 'gidesc213', 3, '20170807', '124335'),
	(230, 'giname214', 'gidesc214', 3, '20170807', '124335'),
	(231, 'giname215', 'gidesc215', 3, '20170807', '124335'),
	(232, 'giname216', 'gidesc216', 3, '20170807', '124335'),
	(233, 'giname217', 'gidesc217', 3, '20170807', '124335'),
	(234, 'giname218', 'gidesc218', 3, '20170807', '124335'),
	(235, 'giname219', 'gidesc219', 3, '20170807', '124335'),
	(236, 'giname220', 'gidesc220', 3, '20170807', '124335'),
	(237, 'giname221', 'gidesc221', 3, '20170807', '124335'),
	(238, 'giname222', 'gidesc222', 3, '20170807', '124335'),
	(239, 'giname223', 'gidesc223', 3, '20170807', '124335'),
	(240, 'giname224', 'gidesc224', 3, '20170807', '124335'),
	(241, 'giname225', 'gidesc225', 3, '20170807', '124335'),
	(242, 'giname226', 'gidesc226', 3, '20170807', '124335'),
	(243, 'giname227', 'gidesc227', 3, '20170807', '124335'),
	(244, 'giname228', 'gidesc228', 3, '20170807', '124335'),
	(245, 'giname229', 'gidesc229', 3, '20170807', '124335'),
	(246, 'giname230', 'gidesc230', 3, '20170807', '124335'),
	(247, 'giname231', 'gidesc231', 3, '20170807', '124335'),
	(248, 'giname232', 'gidesc232', 3, '20170807', '124335'),
	(249, 'giname233', 'gidesc233', 3, '20170807', '124335'),
	(250, 'giname234', 'gidesc234', 3, '20170807', '124335'),
	(251, 'giname235', 'gidesc235', 4, '20170807', '124335'),
	(252, 'giname236', 'gidesc236', 4, '20170807', '124335'),
	(253, 'giname237', 'gidesc237', 4, '20170807', '124335'),
	(254, 'giname238', 'gidesc238', 4, '20170807', '124335'),
	(255, 'giname239', 'gidesc239', 4, '20170807', '124335'),
	(256, 'giname240', 'gidesc240', 4, '20170807', '124335'),
	(257, 'giname241', 'gidesc241', 4, '20170807', '124335'),
	(258, 'giname242', 'gidesc242', 4, '20170807', '124335'),
	(259, 'giname243', 'gidesc243', 4, '20170807', '124335'),
	(260, 'giname244', 'gidesc244', 4, '20170807', '124335'),
	(261, 'giname245', 'gidesc245', 4, '20170807', '124335'),
	(262, 'giname246', 'gidesc246', 4, '20170807', '124335'),
	(263, 'giname247', 'gidesc247', 4, '20170807', '124335'),
	(264, 'giname248', 'gidesc248', 4, '20170807', '124335'),
	(265, 'giname249', 'gidesc249', 4, '20170807', '124335'),
	(266, 'giname250', 'gidesc250', 4, '20170807', '124335'),
	(267, 'giname251', 'gidesc251', 4, '20170807', '124335'),
	(268, 'giname252', 'gidesc252', 4, '20170807', '124335'),
	(269, 'giname253', 'gidesc253', 4, '20170807', '124335'),
	(270, 'giname254', 'gidesc254', 4, '20170807', '124335'),
	(271, 'giname255', 'gidesc255', 4, '20170807', '124335'),
	(272, 'giname256', 'gidesc256', 4, '20170807', '124335'),
	(273, 'giname257', 'gidesc257', 4, '20170807', '124335'),
	(274, 'giname258', 'gidesc258', 4, '20170807', '124335'),
	(275, 'giname259', 'gidesc259', 4, '20170807', '124335'),
	(276, 'giname260', 'gidesc260', 4, '20170807', '124335'),
	(277, 'giname261', 'gidesc261', 4, '20170807', '124335'),
	(278, 'giname262', 'gidesc262', 4, '20170807', '124335'),
	(279, 'giname263', 'gidesc263', 4, '20170807', '124335'),
	(280, 'giname264', 'gidesc264', 4, '20170807', '124335'),
	(281, 'giname265', 'gidesc265', 4, '20170807', '124335'),
	(282, 'giname266', 'gidesc266', 4, '20170807', '124335'),
	(283, 'giname267', 'gidesc267', 4, '20170807', '124335'),
	(284, 'giname268', 'gidesc268', 4, '20170807', '124335'),
	(285, 'giname269', 'gidesc269', 4, '20170807', '124335'),
	(286, 'giname270', 'gidesc270', 4, '20170807', '124335'),
	(287, 'giname271', 'gidesc271', 4, '20170807', '124335'),
	(288, 'giname272', 'gidesc272', 4, '20170807', '124335'),
	(289, 'giname273', 'gidesc273', 4, '20170807', '124335'),
	(290, 'giname274', 'gidesc274', 4, '20170807', '124335'),
	(291, 'giname275', 'gidesc275', 4, '20170807', '124335'),
	(292, 'giname276', 'gidesc276', 4, '20170807', '124335'),
	(293, 'giname277', 'gidesc277', 4, '20170807', '124335'),
	(294, 'giname278', 'gidesc278', 4, '20170807', '124335'),
	(295, 'giname279', 'gidesc279', 4, '20170807', '124335'),
	(296, 'giname280', 'gidesc280', 4, '20170807', '124335'),
	(297, 'giname281', 'gidesc281', 4, '20170807', '124335'),
	(298, 'giname282', 'gidesc282', 4, '20170807', '124335'),
	(299, 'giname283', 'gidesc283', 4, '20170807', '124335'),
	(300, 'giname284', 'gidesc284', 4, '20170807', '124335'),
	(301, 'giname285', 'gidesc285', 4, '20170807', '124335'),
	(302, 'giname286', 'gidesc286', 4, '20170807', '124335'),
	(303, 'giname287', 'gidesc287', 4, '20170807', '124335'),
	(304, 'giname288', 'gidesc288', 4, '20170807', '124335'),
	(305, 'giname289', 'gidesc289', 4, '20170807', '124335'),
	(306, 'giname290', 'gidesc290', 4, '20170807', '124335'),
	(307, 'giname291', 'gidesc291', 4, '20170807', '124335'),
	(308, 'giname292', 'gidesc292', 4, '20170807', '124335'),
	(309, 'giname293', 'gidesc293', 4, '20170807', '124335'),
	(310, 'giname294', 'gidesc294', 4, '20170807', '124335'),
	(311, 'giname295', 'gidesc295', 4, '20170807', '124335'),
	(312, 'giname296', 'gidesc296', 4, '20170807', '124335'),
	(313, 'giname297', 'gidesc297', 4, '20170807', '124335'),
	(314, 'giname298', 'gidesc298', 4, '20170807', '124335'),
	(315, 'giname299', 'gidesc299', 4, '20170807', '124335'),
	(316, 'giname300', 'gidesc300', 4, '20170807', '124335'),
	(317, 'giname301', 'gidesc301', 4, '20170807', '124335'),
	(318, 'giname302', 'gidesc302', 4, '20170807', '124335'),
	(319, 'giname303', 'gidesc303', 4, '20170807', '124335'),
	(320, 'giname304', 'gidesc304', 4, '20170807', '124335'),
	(321, 'giname305', 'gidesc305', 4, '20170807', '124335'),
	(322, 'giname306', 'gidesc306', 4, '20170807', '124335'),
	(323, 'giname307', 'gidesc307', 4, '20170807', '124335'),
	(324, 'giname308', 'gidesc308', 4, '20170807', '124335'),
	(325, 'giname309', 'gidesc309', 4, '20170807', '124335'),
	(326, 'giname310', 'gidesc310', 4, '20170807', '124335'),
	(327, 'giname311', 'gidesc311', 4, '20170807', '124335'),
	(328, 'giname312', 'gidesc312', 4, '20170807', '124335'),
	(329, 'giname313', 'gidesc313', 4, '20170807', '124335'),
	(330, 'giname314', 'gidesc314', 4, '20170807', '124335'),
	(331, 'giname315', 'gidesc315', 4, '20170807', '124335'),
	(332, 'giname316', 'gidesc316', 4, '20170807', '124335'),
	(333, 'giname317', 'gidesc317', 4, '20170807', '124335'),
	(334, 'giname318', 'gidesc318', 4, '20170807', '124335'),
	(335, 'giname319', 'gidesc319', 4, '20170807', '124335'),
	(336, 'giname320', 'gidesc320', 4, '20170807', '124335'),
	(337, 'giname321', 'gidesc321', 4, '20170807', '124335'),
	(338, 'giname322', 'gidesc322', 4, '20170807', '124335'),
	(339, 'giname323', 'gidesc323', 4, '20170807', '124335'),
	(340, 'giname324', 'gidesc324', 4, '20170807', '124335'),
	(341, 'giname325', 'gidesc325', 4, '20170807', '124335'),
	(342, 'giname326', 'gidesc326', 4, '20170807', '124335'),
	(343, 'giname327', 'gidesc327', 4, '20170807', '124335'),
	(344, 'giname328', 'gidesc328', 4, '20170807', '124335'),
	(345, 'giname329', 'gidesc329', 4, '20170807', '124335'),
	(346, 'giname330', 'gidesc330', 4, '20170807', '124335'),
	(347, 'giname331', 'gidesc331', 4, '20170807', '124335'),
	(348, 'giname332', 'gidesc332', 4, '20170807', '124335'),
	(349, 'giname333', 'gidesc333', 4, '20170807', '124335'),
	(350, 'giname334', 'gidesc334', 4, '20170807', '124335'),
	(351, 'giname335', 'gidesc335', 4, '20170807', '124335'),
	(352, 'giname336', 'gidesc336', 4, '20170807', '124335'),
	(353, 'giname337', 'gidesc337', 4, '20170807', '124335'),
	(354, 'giname338', 'gidesc338', 4, '20170807', '124335'),
	(355, 'giname339', 'gidesc339', 4, '20170807', '124335'),
	(356, 'giname340', 'gidesc340', 4, '20170807', '124335'),
	(357, 'giname341', 'gidesc341', 4, '20170807', '124335'),
	(358, 'giname342', 'gidesc342', 4, '20170807', '124335'),
	(359, 'giname343', 'gidesc343', 4, '20170807', '124335'),
	(360, 'giname344', 'gidesc344', 4, '20170807', '124335'),
	(361, 'giname345', 'gidesc345', 4, '20170807', '124335'),
	(362, 'giname346', 'gidesc346', 4, '20170807', '124335'),
	(363, 'giname347', 'gidesc347', 4, '20170807', '124335'),
	(364, 'giname348', 'gidesc348', 4, '20170807', '124335'),
	(365, 'giname349', 'gidesc349', 4, '20170807', '124335'),
	(366, 'giname350', 'gidesc350', 4, '20170807', '124335'),
	(367, 'giname351', 'gidesc351', 4, '20170807', '124335'),
	(368, 'giname352', 'gidesc352', 4, '20170807', '124335'),
	(369, 'giname353', 'gidesc353', 4, '20170807', '124335'),
	(370, 'giname354', 'gidesc354', 4, '20170807', '124335'),
	(371, 'giname355', 'gidesc355', 4, '20170807', '124335'),
	(372, 'giname356', 'gidesc356', 4, '20170807', '124335'),
	(373, 'giname357', 'gidesc357', 4, '20170807', '124335'),
	(374, 'giname358', 'gidesc358', 4, '20170807', '124335'),
	(375, 'giname359', 'gidesc359', 4, '20170807', '124335'),
	(376, 'giname360', 'gidesc360', 4, '20170807', '124335'),
	(377, 'giname361', 'gidesc361', 4, '20170807', '124335'),
	(378, 'giname362', 'gidesc362', 4, '20170807', '124335'),
	(379, 'giname363', 'gidesc363', 4, '20170807', '124335'),
	(380, 'giname364', 'gidesc364', 4, '20170807', '124335'),
	(381, 'giname365', 'gidesc365', 4, '20170807', '124335'),
	(382, 'giname366', 'gidesc366', 4, '20170807', '124335'),
	(383, 'giname367', 'gidesc367', 4, '20170807', '124335'),
	(384, 'giname368', 'gidesc368', 4, '20170807', '124335'),
	(385, 'giname369', 'gidesc369', 4, '20170807', '124335'),
	(386, 'giname370', 'gidesc370', 4, '20170807', '124335'),
	(387, 'giname371', 'gidesc371', 4, '20170807', '124335'),
	(388, 'giname372', 'gidesc372', 4, '20170807', '124335'),
	(389, 'giname373', 'gidesc373', 4, '20170807', '124335'),
	(390, 'giname374', 'gidesc374', 4, '20170807', '124335'),
	(391, 'giname375', 'gidesc375', 4, '20170807', '124335'),
	(392, 'giname376', 'gidesc376', 4, '20170807', '124335'),
	(393, 'giname377', 'gidesc377', 4, '20170807', '124335'),
	(394, 'giname378', 'gidesc378', 4, '20170807', '124335'),
	(395, 'giname379', 'gidesc379', 4, '20170807', '124335'),
	(396, 'giname380', 'gidesc380', 4, '20170807', '124335'),
	(397, 'giname381', 'gidesc381', 4, '20170807', '124335'),
	(398, 'giname382', 'gidesc382', 4, '20170807', '124335'),
	(399, 'giname383', 'gidesc383', 4, '20170807', '124335'),
	(400, 'giname384', 'gidesc384', 4, '20170807', '124335'),
	(401, 'giname385', 'gidesc385', 4, '20170807', '124335'),
	(402, 'giname386', 'gidesc386', 4, '20170807', '124335'),
	(403, 'giname387', 'gidesc387', 4, '20170807', '124335'),
	(404, 'giname388', 'gidesc388', 4, '20170807', '124335'),
	(405, 'giname389', 'gidesc389', 4, '20170807', '124335'),
	(406, 'giname390', 'gidesc390', 4, '20170807', '124335'),
	(407, 'giname391', 'gidesc391', 4, '20170807', '124335'),
	(408, 'giname392', 'gidesc392', 4, '20170807', '124335'),
	(409, 'giname393', 'gidesc393', 4, '20170807', '124335'),
	(410, 'giname394', 'gidesc394', 4, '20170807', '124335'),
	(411, 'giname395', 'gidesc395', 4, '20170807', '124335'),
	(412, 'giname396', 'gidesc396', 4, '20170807', '124335'),
	(413, 'giname397', 'gidesc397', 4, '20170807', '124335'),
	(414, 'giname398', 'gidesc398', 4, '20170807', '124335'),
	(415, 'giname399', 'gidesc399', 4, '20170807', '124335'),
	(416, 'giname400', 'gidesc400', 4, '20170807', '124335'),
	(417, 'giname401', 'gidesc401', 4, '20170807', '124335'),
	(418, 'giname402', 'gidesc402', 4, '20170807', '124335'),
	(419, 'giname403', 'gidesc403', 4, '20170807', '124335'),
	(420, 'giname404', 'gidesc404', 4, '20170807', '124335'),
	(421, 'giname405', 'gidesc405', 4, '20170807', '124335'),
	(422, 'giname406', 'gidesc406', 4, '20170807', '124335'),
	(423, 'giname407', 'gidesc407', 4, '20170807', '124335'),
	(424, 'giname408', 'gidesc408', 4, '20170807', '124335'),
	(425, 'giname409', 'gidesc409', 4, '20170807', '124335'),
	(426, 'giname410', 'gidesc410', 4, '20170807', '124335'),
	(427, 'giname411', 'gidesc411', 4, '20170807', '124335'),
	(428, 'giname412', 'gidesc412', 4, '20170807', '124335'),
	(429, 'giname413', 'gidesc413', 4, '20170807', '124335'),
	(430, 'giname414', 'gidesc414', 4, '20170807', '124335'),
	(431, 'giname415', 'gidesc415', 4, '20170807', '124335'),
	(432, 'giname416', 'gidesc416', 4, '20170807', '124335'),
	(433, 'giname417', 'gidesc417', 4, '20170807', '124335'),
	(434, 'giname418', 'gidesc418', 4, '20170807', '124335'),
	(435, 'giname419', 'gidesc419', 4, '20170807', '124335'),
	(436, 'giname420', 'gidesc420', 4, '20170807', '124335'),
	(437, 'giname421', 'gidesc421', 4, '20170807', '124335'),
	(438, 'giname422', 'gidesc422', 4, '20170807', '124335'),
	(439, 'giname423', 'gidesc423', 4, '20170807', '124335'),
	(440, 'giname424', 'gidesc424', 4, '20170807', '124335'),
	(441, 'giname425', 'gidesc425', 4, '20170807', '124335'),
	(442, 'giname426', 'gidesc426', 4, '20170807', '124335'),
	(443, 'giname427', 'gidesc427', 4, '20170807', '124335'),
	(444, 'giname428', 'gidesc428', 4, '20170807', '124335'),
	(445, 'giname429', 'gidesc429', 4, '20170807', '124335'),
	(446, 'giname430', 'gidesc430', 4, '20170807', '124335'),
	(447, 'giname431', 'gidesc431', 4, '20170807', '124335'),
	(448, 'giname432', 'gidesc432', 4, '20170807', '124335'),
	(449, 'giname433', 'gidesc433', 4, '20170807', '124335'),
	(450, 'giname434', 'gidesc434', 4, '20170807', '124335'),
	(451, 'giname435', 'gidesc435', 4, '20170807', '124335'),
	(452, 'giname436', 'gidesc436', 4, '20170807', '124335'),
	(453, 'giname437', 'gidesc437', 4, '20170807', '124335'),
	(454, 'giname438', 'gidesc438', 4, '20170807', '124335'),
	(455, 'giname439', 'gidesc439', 4, '20170807', '124335'),
	(456, 'giname440', 'gidesc440', 4, '20170807', '124335'),
	(457, 'giname441', 'gidesc441', 4, '20170807', '124335'),
	(458, 'giname442', 'gidesc442', 4, '20170807', '124335'),
	(459, 'giname443', 'gidesc443', 4, '20170807', '124335'),
	(460, 'giname444', 'gidesc444', 4, '20170807', '124335'),
	(461, 'giname445', 'gidesc445', 4, '20170807', '124335'),
	(462, 'giname446', 'gidesc446', 4, '20170807', '124335'),
	(463, 'giname447', 'gidesc447', 4, '20170807', '124335'),
	(464, 'giname448', 'gidesc448', 4, '20170807', '124335'),
	(465, 'giname449', 'gidesc449', 4, '20170807', '124335'),
	(466, 'giname450', 'gidesc450', 4, '20170807', '124335'),
	(467, 'giname451', 'gidesc451', 4, '20170807', '124335'),
	(468, 'giname452', 'gidesc452', 4, '20170807', '124335'),
	(469, 'giname453', 'gidesc453', 4, '20170807', '124335'),
	(470, 'giname454', 'gidesc454', 4, '20170807', '124335'),
	(471, 'giname455', 'gidesc455', 4, '20170807', '124335'),
	(472, 'giname456', 'gidesc456', 4, '20170807', '124335'),
	(473, 'giname457', 'gidesc457', 4, '20170807', '124335'),
	(474, 'giname458', 'gidesc458', 4, '20170807', '124335'),
	(475, 'giname459', 'gidesc459', 4, '20170807', '124335'),
	(476, 'giname460', 'gidesc460', 4, '20170807', '124335'),
	(477, 'giname461', 'gidesc461', 4, '20170807', '124335'),
	(478, 'giname462', 'gidesc462', 4, '20170807', '124335'),
	(479, 'giname463', 'gidesc463', 4, '20170807', '124335'),
	(480, 'giname464', 'gidesc464', 4, '20170807', '124335'),
	(481, 'giname465', 'gidesc465', 4, '20170807', '124335'),
	(482, 'giname466', 'gidesc466', 4, '20170807', '124335'),
	(483, 'giname467', 'gidesc467', 4, '20170807', '124335'),
	(484, 'giname468', 'gidesc468', 4, '20170807', '124335'),
	(485, 'giname469', 'gidesc469', 4, '20170807', '124335'),
	(486, 'giname470', 'gidesc470', 4, '20170807', '124335'),
	(487, 'giname471', 'gidesc471', 4, '20170807', '124335'),
	(488, 'giname472', 'gidesc472', 4, '20170807', '124335'),
	(489, 'giname473', 'gidesc473', 4, '20170807', '124335'),
	(490, 'giname474', 'gidesc474', 4, '20170807', '124335'),
	(491, 'giname475', 'gidesc475', 4, '20170807', '124335'),
	(492, 'giname476', 'gidesc476', 4, '20170807', '124335'),
	(493, 'giname477', 'gidesc477', 4, '20170807', '124335'),
	(494, 'giname478', 'gidesc478', 4, '20170807', '124335'),
	(495, 'giname479', 'gidesc479', 4, '20170807', '124335'),
	(496, 'giname480', 'gidesc480', 4, '20170807', '124335'),
	(497, 'giname481', 'gidesc481', 4, '20170807', '124335'),
	(498, 'giname482', 'gidesc482', 4, '20170807', '124335'),
	(499, 'giname483', 'gidesc483', 4, '20170807', '124335'),
	(500, 'giname484', 'gidesc484', 4, '20170807', '124335'),
	(501, 'giname485', 'gidesc485', 4, '20170807', '124335'),
	(502, 'giname486', 'gidesc486', 4, '20170807', '124335'),
	(503, 'giname487', 'gidesc487', 4, '20170807', '124335'),
	(504, 'giname488', 'gidesc488', 4, '20170807', '124335'),
	(505, 'giname489', 'gidesc489', 4, '20170807', '124335'),
	(506, 'giname490', 'gidesc490', 4, '20170807', '124335'),
	(507, 'giname491', 'gidesc491', 4, '20170807', '124335'),
	(508, 'giname492', 'gidesc492', 4, '20170807', '124335'),
	(509, 'giname493', 'gidesc493', 4, '20170807', '124335'),
	(510, 'giname494', 'gidesc494', 4, '20170807', '124335'),
	(511, 'giname495', 'gidesc495', 4, '20170807', '124335'),
	(512, 'giname496', 'gidesc496', 4, '20170807', '124335'),
	(513, 'giname497', 'gidesc497', 4, '20170807', '124335'),
	(514, 'giname498', 'gidesc498', 4, '20170807', '124335'),
	(515, 'giname499', 'gidesc499', 4, '20170807', '124335'),
	(516, 'giname500', 'gidesc500', 4, '20170807', '124335'),
	(517, 'giname501', 'gidesc501', 4, '20170807', '124335'),
	(518, 'giname502', 'gidesc502', 4, '20170807', '124335'),
	(519, 'giname503', 'gidesc503', 4, '20170807', '124335'),
	(520, 'giname504', 'gidesc504', 4, '20170807', '124335'),
	(521, 'giname505', 'gidesc505', 4, '20170807', '124335'),
	(522, 'giname506', 'gidesc506', 4, '20170807', '124335'),
	(523, 'giname507', 'gidesc507', 4, '20170807', '124335'),
	(524, 'giname508', 'gidesc508', 4, '20170807', '124335'),
	(525, 'giname509', 'gidesc509', 4, '20170807', '124335'),
	(526, 'giname510', 'gidesc510', 4, '20170807', '124335'),
	(527, 'giname511', 'gidesc511', 4, '20170807', '124335'),
	(528, 'giname512', 'gidesc512', 4, '20170807', '124335'),
	(529, 'giname513', 'gidesc513', 4, '20170807', '124335'),
	(530, 'giname514', 'gidesc514', 4, '20170807', '124335'),
	(531, 'giname515', 'gidesc515', 4, '20170807', '124335'),
	(532, 'giname516', 'gidesc516', 4, '20170807', '124335'),
	(533, 'giname517', 'gidesc517', 4, '20170807', '124335'),
	(534, 'giname518', 'gidesc518', 4, '20170807', '124335'),
	(535, 'giname519', 'gidesc519', 4, '20170807', '124335'),
	(536, 'giname520', 'gidesc520', 4, '20170807', '124335'),
	(537, 'giname521', 'gidesc521', 4, '20170807', '124335'),
	(538, 'giname522', 'gidesc522', 4, '20170807', '124335'),
	(539, 'giname523', 'gidesc523', 4, '20170807', '124335'),
	(540, 'giname524', 'gidesc524', 4, '20170807', '124335'),
	(541, 'giname525', 'gidesc525', 4, '20170807', '124335'),
	(542, 'giname526', 'gidesc526', 4, '20170807', '124335'),
	(543, 'giname527', 'gidesc527', 4, '20170807', '124335'),
	(544, 'giname528', 'gidesc528', 4, '20170807', '124335'),
	(545, 'giname529', 'gidesc529', 4, '20170807', '124335'),
	(546, 'giname530', 'gidesc530', 4, '20170807', '124335'),
	(547, 'giname531', 'gidesc531', 4, '20170807', '124335'),
	(548, 'giname532', 'gidesc532', 4, '20170807', '124335'),
	(549, 'giname533', 'gidesc533', 4, '20170807', '124335'),
	(550, 'giname534', 'gidesc534', 4, '20170807', '124335'),
	(551, 'giname535', 'gidesc535', 4, '20170807', '124335'),
	(552, 'giname536', 'gidesc536', 4, '20170807', '124335'),
	(553, 'giname537', 'gidesc537', 4, '20170807', '124335'),
	(554, 'giname538', 'gidesc538', 4, '20170807', '124335'),
	(555, 'giname539', 'gidesc539', 4, '20170807', '124335'),
	(556, 'giname540', 'gidesc540', 4, '20170807', '124335'),
	(557, 'giname541', 'gidesc541', 4, '20170807', '124335'),
	(558, 'giname542', 'gidesc542', 4, '20170807', '124335'),
	(559, 'giname543', 'gidesc543', 4, '20170807', '124335'),
	(560, 'giname544', 'gidesc544', 4, '20170807', '124335'),
	(561, 'giname545', 'gidesc545', 4, '20170807', '124335'),
	(562, 'giname546', 'gidesc546', 4, '20170807', '124335'),
	(563, 'giname547', 'gidesc547', 4, '20170807', '124335'),
	(564, 'giname548', 'gidesc548', 4, '20170807', '124335'),
	(565, 'giname549', 'gidesc549', 4, '20170807', '124335'),
	(566, 'giname550', 'gidesc550', 4, '20170807', '124335'),
	(567, 'giname551', 'gidesc551', 4, '20170807', '124335'),
	(568, 'giname552', 'gidesc552', 4, '20170807', '124335'),
	(569, 'giname553', 'gidesc553', 4, '20170807', '124335'),
	(570, 'giname554', 'gidesc554', 4, '20170807', '124335'),
	(571, 'giname555', 'gidesc555', 4, '20170807', '124335'),
	(572, 'giname556', 'gidesc556', 4, '20170807', '124335'),
	(573, 'giname557', 'gidesc557', 4, '20170807', '124335'),
	(574, 'giname558', 'gidesc558', 4, '20170807', '124335'),
	(575, 'giname559', 'gidesc559', 4, '20170807', '124335'),
	(576, 'giname560', 'gidesc560', 4, '20170807', '124335'),
	(577, 'giname561', 'gidesc561', 4, '20170807', '124335'),
	(578, 'giname562', 'gidesc562', 4, '20170807', '124335'),
	(579, 'giname563', 'gidesc563', 4, '20170807', '124335'),
	(580, 'giname564', 'gidesc564', 4, '20170807', '124335'),
	(581, 'giname565', 'gidesc565', 4, '20170807', '124335'),
	(582, 'giname566', 'gidesc566', 4, '20170807', '124335'),
	(583, 'giname567', 'gidesc567', 4, '20170807', '124335'),
	(584, 'giname568', 'gidesc568', 4, '20170807', '124335'),
	(585, 'giname569', 'gidesc569', 4, '20170807', '124335'),
	(586, 'giname570', 'gidesc570', 4, '20170807', '124335'),
	(587, 'giname571', 'gidesc571', 4, '20170807', '124335'),
	(588, 'giname572', 'gidesc572', 4, '20170807', '124335'),
	(589, 'giname573', 'gidesc573', 4, '20170807', '124335'),
	(590, 'giname574', 'gidesc574', 4, '20170807', '124335'),
	(591, 'giname575', 'gidesc575', 4, '20170807', '124335'),
	(592, 'giname576', 'gidesc576', 4, '20170807', '124335'),
	(593, 'giname577', 'gidesc577', 4, '20170807', '124335'),
	(594, 'giname578', 'gidesc578', 4, '20170807', '124335'),
	(595, 'giname579', 'gidesc579', 4, '20170807', '124335'),
	(596, 'giname580', 'gidesc580', 4, '20170807', '124335'),
	(597, 'giname581', 'gidesc581', 4, '20170807', '124335'),
	(598, 'giname582', 'gidesc582', 4, '20170807', '124335'),
	(599, 'giname583', 'gidesc583', 4, '20170807', '124335'),
	(600, 'giname584', 'gidesc584', 4, '20170807', '124335'),
	(601, 'giname585', 'gidesc585', 4, '20170807', '124335'),
	(602, 'giname586', 'gidesc586', 4, '20170807', '124335'),
	(603, 'giname587', 'gidesc587', 4, '20170807', '124335'),
	(604, 'giname588', 'gidesc588', 4, '20170807', '124335'),
	(605, 'giname589', 'gidesc589', 4, '20170807', '124335'),
	(606, 'giname590', 'gidesc590', 4, '20170807', '124335'),
	(607, 'giname591', 'gidesc591', 4, '20170807', '124335'),
	(608, 'giname592', 'gidesc592', 4, '20170807', '124335'),
	(609, 'giname593', 'gidesc593', 4, '20170807', '124335'),
	(610, 'giname594', 'gidesc594', 4, '20170807', '124335'),
	(611, 'giname595', 'gidesc595', 4, '20170807', '124335'),
	(612, 'giname596', 'gidesc596', 4, '20170807', '124335'),
	(613, 'giname597', 'gidesc597', 4, '20170807', '124335'),
	(614, 'giname598', 'gidesc598', 4, '20170807', '124335'),
	(615, 'giname599', 'gidesc599', 4, '20170807', '124335'),
	(616, 'giname600', 'gidesc600', 4, '20170807', '124335'),
	(617, 'giname601', 'gidesc601', 4, '20170807', '124335'),
	(618, 'giname602', 'gidesc602', 4, '20170807', '124335'),
	(619, 'giname603', 'gidesc603', 4, '20170807', '124335'),
	(620, 'giname604', 'gidesc604', 4, '20170807', '124335'),
	(621, 'giname605', 'gidesc605', 4, '20170807', '124335'),
	(622, 'giname606', 'gidesc606', 4, '20170807', '124335'),
	(623, 'giname607', 'gidesc607', 4, '20170807', '124335'),
	(624, 'giname608', 'gidesc608', 4, '20170807', '124335'),
	(625, 'giname609', 'gidesc609', 4, '20170807', '124335'),
	(626, 'giname610', 'gidesc610', 4, '20170807', '124335'),
	(627, 'giname611', 'gidesc611', 4, '20170807', '124335'),
	(628, 'giname612', 'gidesc612', 4, '20170807', '124335'),
	(629, 'giname613', 'gidesc613', 4, '20170807', '124335'),
	(630, 'giname614', 'gidesc614', 4, '20170807', '124335'),
	(631, 'giname615', 'gidesc615', 4, '20170807', '124335'),
	(632, 'giname616', 'gidesc616', 4, '20170807', '124335'),
	(633, 'giname617', 'gidesc617', 4, '20170807', '124335'),
	(634, 'giname618', 'gidesc618', 4, '20170807', '124335'),
	(635, 'giname619', 'gidesc619', 4, '20170807', '124335'),
	(636, 'giname620', 'gidesc620', 4, '20170807', '124335'),
	(637, 'giname621', 'gidesc621', 4, '20170807', '124335'),
	(638, 'giname622', 'gidesc622', 4, '20170807', '124335'),
	(639, 'giname623', 'gidesc623', 4, '20170807', '124335'),
	(640, 'giname624', 'gidesc624', 4, '20170807', '124335'),
	(641, 'giname625', 'gidesc625', 4, '20170807', '124335'),
	(642, 'giname626', 'gidesc626', 4, '20170807', '124335'),
	(643, 'giname627', 'gidesc627', 4, '20170807', '124335'),
	(644, 'giname628', 'gidesc628', 4, '20170807', '124335'),
	(645, 'giname629', 'gidesc629', 4, '20170807', '124335'),
	(646, 'giname630', 'gidesc630', 4, '20170807', '124335'),
	(647, 'giname631', 'gidesc631', 4, '20170807', '124335'),
	(648, 'giname632', 'gidesc632', 4, '20170807', '124335'),
	(649, 'giname633', 'gidesc633', 4, '20170807', '124335'),
	(650, 'giname634', 'gidesc634', 4, '20170807', '124335'),
	(651, 'giname635', 'gidesc635', 4, '20170807', '124335'),
	(652, 'giname636', 'gidesc636', 4, '20170807', '124335'),
	(653, 'giname637', 'gidesc637', 4, '20170807', '124335'),
	(654, 'giname638', 'gidesc638', 4, '20170807', '124335'),
	(655, 'giname639', 'gidesc639', 4, '20170807', '124335'),
	(656, 'giname640', 'gidesc640', 4, '20170807', '124335'),
	(657, 'giname641', 'gidesc641', 4, '20170807', '124335'),
	(658, 'giname642', 'gidesc642', 4, '20170807', '124335'),
	(659, 'giname643', 'gidesc643', 4, '20170807', '124335'),
	(660, 'giname644', 'gidesc644', 4, '20170807', '124335'),
	(661, 'giname645', 'gidesc645', 4, '20170807', '124335'),
	(662, 'giname646', 'gidesc646', 4, '20170807', '124335'),
	(663, 'giname647', 'gidesc647', 4, '20170807', '124335'),
	(664, 'giname648', 'gidesc648', 4, '20170807', '124335'),
	(665, 'giname649', 'gidesc649', 4, '20170807', '124335'),
	(666, 'giname650', 'gidesc650', 4, '20170807', '124335'),
	(667, 'giname651', 'gidesc651', 4, '20170807', '124335'),
	(668, 'giname652', 'gidesc652', 4, '20170807', '124335'),
	(669, 'giname653', 'gidesc653', 4, '20170807', '124335'),
	(670, 'giname654', 'gidesc654', 4, '20170807', '124335'),
	(671, 'giname655', 'gidesc655', 4, '20170807', '124335'),
	(672, 'giname656', 'gidesc656', 4, '20170807', '124335'),
	(673, 'giname657', 'gidesc657', 4, '20170807', '124335'),
	(674, 'giname658', 'gidesc658', 4, '20170807', '124335'),
	(675, 'giname659', 'gidesc659', 4, '20170807', '124335'),
	(676, 'giname660', 'gidesc660', 4, '20170807', '124335'),
	(677, 'giname661', 'gidesc661', 4, '20170807', '124335'),
	(678, 'giname662', 'gidesc662', 4, '20170807', '124335'),
	(679, 'giname663', 'gidesc663', 4, '20170807', '124335'),
	(680, 'giname664', 'gidesc664', 4, '20170807', '124335'),
	(681, 'giname665', 'gidesc665', 4, '20170807', '124335'),
	(682, 'giname666', 'gidesc666', 4, '20170807', '124335'),
	(683, 'giname667', 'gidesc667', 4, '20170807', '124335'),
	(684, 'giname668', 'gidesc668', 4, '20170807', '124335'),
	(685, 'giname669', 'gidesc669', 4, '20170807', '124335'),
	(686, 'giname670', 'gidesc670', 4, '20170807', '124335'),
	(687, 'giname671', 'gidesc671', 4, '20170807', '124335'),
	(688, 'giname672', 'gidesc672', 4, '20170807', '124335'),
	(689, 'giname673', 'gidesc673', 4, '20170807', '124335'),
	(690, 'giname674', 'gidesc674', 4, '20170807', '124335'),
	(691, 'giname675', 'gidesc675', 4, '20170807', '124335'),
	(692, 'giname676', 'gidesc676', 4, '20170807', '124335'),
	(693, 'giname677', 'gidesc677', 4, '20170807', '124335'),
	(694, 'giname678', 'gidesc678', 4, '20170807', '124335'),
	(695, 'giname679', 'gidesc679', 4, '20170807', '124335'),
	(696, 'giname680', 'gidesc680', 4, '20170807', '124335'),
	(697, 'giname681', 'gidesc681', 4, '20170807', '124335'),
	(698, 'giname682', 'gidesc682', 4, '20170807', '124335'),
	(699, 'giname683', 'gidesc683', 4, '20170807', '124335'),
	(700, 'giname684', 'gidesc684', 4, '20170807', '124335'),
	(701, 'giname685', 'gidesc685', 4, '20170807', '124335'),
	(702, 'giname686', 'gidesc686', 4, '20170807', '124335'),
	(703, 'giname687', 'gidesc687', 4, '20170807', '124335'),
	(704, 'giname688', 'gidesc688', 4, '20170807', '124335'),
	(705, 'giname689', 'gidesc689', 4, '20170807', '124335'),
	(706, 'giname690', 'gidesc690', 4, '20170807', '124335'),
	(707, 'giname691', 'gidesc691', 4, '20170807', '124335'),
	(708, 'giname692', 'gidesc692', 4, '20170807', '124335'),
	(709, 'giname693', 'gidesc693', 4, '20170807', '124335'),
	(710, 'giname694', 'gidesc694', 4, '20170807', '124335'),
	(711, 'giname695', 'gidesc695', 4, '20170807', '124335'),
	(712, 'giname696', 'gidesc696', 4, '20170807', '124335'),
	(713, 'giname697', 'gidesc697', 4, '20170807', '124335'),
	(714, 'giname698', 'gidesc698', 4, '20170807', '124335'),
	(715, 'giname699', 'gidesc699', 4, '20170807', '124335'),
	(716, 'giname700', 'gidesc700', 4, '20170807', '124335'),
	(717, 'giname701', 'gidesc701', 4, '20170807', '124335'),
	(718, 'giname702', 'gidesc702', 4, '20170807', '124335'),
	(719, 'giname703', 'gidesc703', 4, '20170807', '124335'),
	(720, 'giname704', 'gidesc704', 4, '20170807', '124335'),
	(721, 'giname705', 'gidesc705', 4, '20170807', '124335'),
	(722, 'giname706', 'gidesc706', 4, '20170807', '124335'),
	(723, 'giname707', 'gidesc707', 4, '20170807', '124335'),
	(724, 'giname708', 'gidesc708', 4, '20170807', '124335'),
	(725, 'giname709', 'gidesc709', 4, '20170807', '124335'),
	(726, 'giname710', 'gidesc710', 4, '20170807', '124335'),
	(727, 'giname711', 'gidesc711', 4, '20170807', '124335'),
	(728, 'giname712', 'gidesc712', 4, '20170807', '124335'),
	(729, 'giname713', 'gidesc713', 4, '20170807', '124335'),
	(730, 'giname714', 'gidesc714', 4, '20170807', '124335'),
	(731, 'giname715', 'gidesc715', 4, '20170807', '124335'),
	(732, 'giname716', 'gidesc716', 4, '20170807', '124335'),
	(733, 'giname717', 'gidesc717', 4, '20170807', '124335'),
	(734, 'giname718', 'gidesc718', 4, '20170807', '124335'),
	(735, 'giname719', 'gidesc719', 4, '20170807', '124335'),
	(736, 'giname720', 'gidesc720', 4, '20170807', '124335'),
	(737, 'giname721', 'gidesc721', 4, '20170807', '124335'),
	(738, 'giname722', 'gidesc722', 4, '20170807', '124335'),
	(739, 'giname723', 'gidesc723', 4, '20170807', '124335'),
	(740, 'giname724', 'gidesc724', 4, '20170807', '124335'),
	(741, 'giname725', 'gidesc725', 4, '20170807', '124335'),
	(742, 'giname726', 'gidesc726', 4, '20170807', '124335'),
	(743, 'giname727', 'gidesc727', 4, '20170807', '124335'),
	(744, 'giname728', 'gidesc728', 4, '20170807', '124335'),
	(745, 'giname729', 'gidesc729', 4, '20170807', '124335'),
	(746, 'giname730', 'gidesc730', 4, '20170807', '124335'),
	(747, 'giname731', 'gidesc731', 4, '20170807', '124335'),
	(748, 'giname732', 'gidesc732', 4, '20170807', '124335'),
	(749, 'giname733', 'gidesc733', 4, '20170807', '124335'),
	(750, 'giname734', 'gidesc734', 4, '20170807', '124335'),
	(751, 'giname735', 'gidesc735', 4, '20170807', '124335'),
	(752, 'giname736', 'gidesc736', 4, '20170807', '124335'),
	(753, 'giname737', 'gidesc737', 4, '20170807', '124335'),
	(754, 'giname738', 'gidesc738', 4, '20170807', '124335'),
	(755, 'giname739', 'gidesc739', 4, '20170807', '124335'),
	(756, 'giname740', 'gidesc740', 4, '20170807', '124335'),
	(757, 'giname741', 'gidesc741', 4, '20170807', '124335'),
	(758, 'giname742', 'gidesc742', 4, '20170807', '124335'),
	(759, 'giname743', 'gidesc743', 4, '20170807', '124335'),
	(760, 'giname744', 'gidesc744', 4, '20170807', '124335'),
	(761, 'giname745', 'gidesc745', 4, '20170807', '124335'),
	(762, 'giname746', 'gidesc746', 4, '20170807', '124335'),
	(763, 'giname747', 'gidesc747', 4, '20170807', '124335'),
	(764, 'giname748', 'gidesc748', 4, '20170807', '124335'),
	(765, 'giname749', 'gidesc749', 4, '20170807', '124335'),
	(766, 'giname750', 'gidesc750', 4, '20170807', '124335'),
	(767, 'giname751', 'gidesc751', 4, '20170807', '124335'),
	(768, 'giname752', 'gidesc752', 4, '20170807', '124335'),
	(769, 'giname753', 'gidesc753', 4, '20170807', '124335'),
	(770, 'giname754', 'gidesc754', 4, '20170807', '124335'),
	(771, 'giname755', 'gidesc755', 4, '20170807', '124335'),
	(772, 'giname756', 'gidesc756', 4, '20170807', '124335'),
	(773, 'giname757', 'gidesc757', 4, '20170807', '124335'),
	(774, 'giname758', 'gidesc758', 4, '20170807', '124335'),
	(775, 'giname759', 'gidesc759', 4, '20170807', '124335'),
	(776, 'giname760', 'gidesc760', 4, '20170807', '124335'),
	(777, 'giname761', 'gidesc761', 4, '20170807', '124335'),
	(778, 'giname762', 'gidesc762', 4, '20170807', '124335'),
	(779, 'giname763', 'gidesc763', 4, '20170807', '124335'),
	(780, 'giname764', 'gidesc764', 4, '20170807', '124335'),
	(781, 'giname765', 'gidesc765', 4, '20170807', '124335'),
	(782, 'giname766', 'gidesc766', 4, '20170807', '124335'),
	(783, 'giname767', 'gidesc767', 4, '20170807', '124335'),
	(784, 'giname768', 'gidesc768', 4, '20170807', '124335'),
	(785, 'giname769', 'gidesc769', 4, '20170807', '124335'),
	(786, 'giname770', 'gidesc770', 4, '20170807', '124335'),
	(787, 'giname771', 'gidesc771', 4, '20170807', '124335'),
	(788, 'giname772', 'gidesc772', 4, '20170807', '124335'),
	(789, 'giname773', 'gidesc773', 4, '20170807', '124335'),
	(790, 'giname774', 'gidesc774', 4, '20170807', '124335'),
	(791, 'giname775', 'gidesc775', 4, '20170807', '124335'),
	(792, 'giname776', 'gidesc776', 4, '20170807', '124335'),
	(793, 'giname777', 'gidesc777', 4, '20170807', '124335'),
	(794, 'giname778', 'gidesc778', 4, '20170807', '124335'),
	(795, 'giname779', 'gidesc779', 4, '20170807', '124335'),
	(796, 'giname780', 'gidesc780', 4, '20170807', '124335'),
	(797, 'giname781', 'gidesc781', 4, '20170807', '124335'),
	(798, 'giname782', 'gidesc782', 4, '20170807', '124335'),
	(799, 'giname783', 'gidesc783', 4, '20170807', '124335'),
	(800, 'giname784', 'gidesc784', 3, '20170807', '124335'),
	(801, 'giname785', 'gidesc785', 3, '20170807', '124335'),
	(802, 'giname786', 'gidesc786', 3, '20170807', '124335'),
	(803, 'giname787', 'gidesc787', 3, '20170807', '124335'),
	(804, 'giname788', 'gidesc788', 3, '20170807', '124335'),
	(805, 'giname789', 'gidesc789', 3, '20170807', '124335'),
	(806, 'giname790', 'gidesc790', 3, '20170807', '124335'),
	(807, 'giname791', 'gidesc791', 3, '20170807', '124335'),
	(808, 'giname792', 'gidesc792', 3, '20170807', '124335'),
	(809, 'giname793', 'gidesc793', 3, '20170807', '124335'),
	(810, 'giname794', 'gidesc794', 3, '20170807', '124335'),
	(811, 'giname795', 'gidesc795', 3, '20170807', '124335'),
	(812, 'giname796', 'gidesc796', 3, '20170807', '124335'),
	(813, 'giname797', 'gidesc797', 3, '20170807', '124335'),
	(814, 'giname798', 'gidesc798', 3, '20170807', '124335'),
	(815, 'giname799', 'gidesc799', 3, '20170807', '124335'),
	(816, 'giname800', 'gidesc800', 3, '20170807', '124335'),
	(817, 'giname801', 'gidesc801', 3, '20170807', '124335'),
	(818, 'giname802', 'gidesc802', 3, '20170807', '124335'),
	(819, 'giname803', 'gidesc803', 3, '20170807', '124335'),
	(820, 'giname804', 'gidesc804', 3, '20170807', '124335'),
	(821, 'giname805', 'gidesc805', 3, '20170807', '124335'),
	(822, 'giname806', 'gidesc806', 3, '20170807', '124335'),
	(823, 'giname807', 'gidesc807', 3, '20170807', '124335'),
	(824, 'giname808', 'gidesc808', 3, '20170807', '124335'),
	(825, 'giname809', 'gidesc809', 3, '20170807', '124335'),
	(826, 'giname810', 'gidesc810', 3, '20170807', '124335'),
	(827, 'giname811', 'gidesc811', 3, '20170807', '124335'),
	(828, 'giname812', 'gidesc812', 3, '20170807', '124335'),
	(829, 'giname813', 'gidesc813', 3, '20170807', '124335'),
	(830, 'giname814', 'gidesc814', 3, '20170807', '124335'),
	(831, 'giname815', 'gidesc815', 3, '20170807', '124335'),
	(832, 'giname816', 'gidesc816', 3, '20170807', '124335'),
	(833, 'giname817', 'gidesc817', 3, '20170807', '124335'),
	(834, 'giname818', 'gidesc818', 3, '20170807', '124335'),
	(835, 'giname819', 'gidesc819', 3, '20170807', '124335'),
	(836, 'giname820', 'gidesc820', 3, '20170807', '124335'),
	(837, 'giname821', 'gidesc821', 3, '20170807', '124335'),
	(838, 'giname822', 'gidesc822', 3, '20170807', '124335'),
	(839, 'giname823', 'gidesc823', 3, '20170807', '124335'),
	(840, 'giname824', 'gidesc824', 3, '20170807', '124335'),
	(841, 'giname825', 'gidesc825', 3, '20170807', '124335'),
	(842, 'giname826', 'gidesc826', 3, '20170807', '124335'),
	(843, 'giname827', 'gidesc827', 3, '20170807', '124335'),
	(844, 'giname828', 'gidesc828', 3, '20170807', '124335'),
	(845, 'giname829', 'gidesc829', 3, '20170807', '124335'),
	(846, 'giname830', 'gidesc830', 3, '20170807', '124335'),
	(847, 'giname831', 'gidesc831', 3, '20170807', '124335'),
	(848, 'giname832', 'gidesc832', 3, '20170807', '124335'),
	(849, 'giname833', 'gidesc833', 3, '20170807', '124335'),
	(850, 'giname834', 'gidesc834', 3, '20170807', '124335'),
	(851, 'giname835', 'gidesc835', 3, '20170807', '124335'),
	(852, 'giname836', 'gidesc836', 3, '20170807', '124335'),
	(853, 'giname837', 'gidesc837', 3, '20170807', '124335'),
	(854, 'giname838', 'gidesc838', 3, '20170807', '124335'),
	(855, 'giname839', 'gidesc839', 3, '20170807', '124335'),
	(856, 'giname840', 'gidesc840', 3, '20170807', '124335'),
	(857, 'giname841', 'gidesc841', 3, '20170807', '124335'),
	(858, 'giname842', 'gidesc842', 3, '20170807', '124335'),
	(859, 'giname843', 'gidesc843', 3, '20170807', '124335'),
	(860, 'giname844', 'gidesc844', 3, '20170807', '124335'),
	(861, 'giname845', 'gidesc845', 3, '20170807', '124335'),
	(862, 'giname846', 'gidesc846', 3, '20170807', '124335'),
	(863, 'giname847', 'gidesc847', 3, '20170807', '124335'),
	(864, 'giname848', 'gidesc848', 3, '20170807', '124335'),
	(865, 'giname849', 'gidesc849', 3, '20170807', '124335'),
	(866, 'giname850', 'gidesc850', 3, '20170807', '124335'),
	(867, 'giname851', 'gidesc851', 3, '20170807', '124335'),
	(868, 'giname852', 'gidesc852', 3, '20170807', '124335'),
	(869, 'giname853', 'gidesc853', 3, '20170807', '124335'),
	(870, 'giname854', 'gidesc854', 3, '20170807', '124335'),
	(871, 'giname855', 'gidesc855', 3, '20170807', '124335'),
	(872, 'giname856', 'gidesc856', 3, '20170807', '124335'),
	(873, 'giname857', 'gidesc857', 3, '20170807', '124335'),
	(874, 'giname858', 'gidesc858', 3, '20170807', '124335'),
	(875, 'giname859', 'gidesc859', 3, '20170807', '124335'),
	(876, 'giname860', 'gidesc860', 3, '20170807', '124335'),
	(877, 'giname861', 'gidesc861', 3, '20170807', '124335'),
	(878, 'giname862', 'gidesc862', 3, '20170807', '124335'),
	(879, 'giname863', 'gidesc863', 3, '20170807', '124335'),
	(880, 'giname864', 'gidesc864', 3, '20170807', '124335'),
	(881, 'giname865', 'gidesc865', 3, '20170807', '124335'),
	(882, 'giname866', 'gidesc866', 3, '20170807', '124335'),
	(883, 'giname867', 'gidesc867', 3, '20170807', '124335'),
	(884, 'giname868', 'gidesc868', 3, '20170807', '124335'),
	(885, 'giname869', 'gidesc869', 3, '20170807', '124335'),
	(886, 'giname870', 'gidesc870', 3, '20170807', '124335'),
	(887, 'giname871', 'gidesc871', 3, '20170807', '124335'),
	(888, 'giname872', 'gidesc872', 3, '20170807', '124335'),
	(889, 'giname873', 'gidesc873', 3, '20170807', '124335'),
	(890, 'giname874', 'gidesc874', 3, '20170807', '124335'),
	(891, 'giname875', 'gidesc875', 3, '20170807', '124335'),
	(892, 'giname876', 'gidesc876', 3, '20170807', '124335'),
	(893, 'giname877', 'gidesc877', 3, '20170807', '124335'),
	(894, 'giname878', 'gidesc878', 3, '20170807', '124335'),
	(895, 'giname879', 'gidesc879', 3, '20170807', '124335'),
	(896, 'giname880', 'gidesc880', 3, '20170807', '124335'),
	(897, 'giname881', 'gidesc881', 3, '20170807', '124335'),
	(898, 'giname882', 'gidesc882', 3, '20170807', '124335'),
	(899, 'giname883', 'gidesc883', 3, '20170807', '124335'),
	(900, 'giname884', 'gidesc884', 3, '20170807', '124335'),
	(901, 'giname885', 'gidesc885', 3, '20170807', '124335'),
	(902, 'giname886', 'gidesc886', 3, '20170807', '124335'),
	(903, 'giname887', 'gidesc887', 3, '20170807', '124335'),
	(904, 'giname888', 'gidesc888', 3, '20170807', '124335'),
	(905, 'giname889', 'gidesc889', 3, '20170807', '124335'),
	(906, 'giname890', 'gidesc890', 3, '20170807', '124335'),
	(907, 'giname891', 'gidesc891', 3, '20170807', '124335'),
	(908, 'giname892', 'gidesc892', 3, '20170807', '124335'),
	(909, 'giname893', 'gidesc893', 3, '20170807', '124335'),
	(910, 'giname894', 'gidesc894', 3, '20170807', '124335'),
	(911, 'giname895', 'gidesc895', 3, '20170807', '124335'),
	(912, 'giname896', 'gidesc896', 3, '20170807', '124335'),
	(913, 'giname897', 'gidesc897', 3, '20170807', '124335'),
	(915, 'giname899', 'gidesc899', 3, '20170807', '124335'),
	(916, 'giname900', 'gidesc900', 3, '20170807', '124335'),
	(917, 'giname901', 'gidesc901', 3, '20170807', '124335'),
	(918, 'giname902', 'gidesc902', 3, '20170807', '124335'),
	(919, 'giname903', 'gidesc903', 3, '20170807', '124335'),
	(920, 'giname904', 'gidesc904', 3, '20170807', '124335'),
	(921, 'giname905', 'gidesc905', 3, '20170807', '124335'),
	(922, 'giname906', 'gidesc906', 3, '20170807', '124335'),
	(923, 'giname907', 'gidesc907', 3, '20170807', '124335'),
	(924, 'giname908', 'gidesc908', 3, '20170807', '124335'),
	(925, 'giname909', 'gidesc909', 3, '20170807', '124335'),
	(926, 'giname910', 'gidesc910', 3, '20170807', '124335'),
	(927, 'giname911', 'gidesc911', 3, '20170807', '124335'),
	(928, 'giname912', 'gidesc912', 3, '20170807', '124335'),
	(929, 'giname913', 'gidesc913', 3, '20170807', '124335'),
	(930, 'giname914', 'gidesc914', 3, '20170807', '124335'),
	(931, 'giname915', 'gidesc915', 3, '20170807', '124335'),
	(932, 'giname916', 'gidesc916', 3, '20170807', '124335'),
	(933, 'giname917', 'gidesc917', 3, '20170807', '124335'),
	(934, 'giname918', 'gidesc918', 3, '20170807', '124335'),
	(935, 'giname919', 'gidesc919', 3, '20170807', '124335'),
	(936, 'giname920', 'gidesc920', 3, '20170807', '124335'),
	(937, 'giname921', 'gidesc921', 3, '20170807', '124335'),
	(938, 'giname922', 'gidesc922', 3, '20170807', '124335'),
	(939, 'giname923', 'gidesc923', 3, '20170807', '124335'),
	(940, 'giname924', 'gidesc924', 3, '20170807', '124335'),
	(941, 'giname925', 'gidesc925', 3, '20170807', '124335'),
	(942, 'giname926', 'gidesc926', 3, '20170807', '124335'),
	(943, 'giname927', 'gidesc927', 3, '20170807', '124335'),
	(944, 'giname928', 'gidesc928', 3, '20170807', '124335'),
	(945, 'giname929', 'gidesc929', 3, '20170807', '124335'),
	(946, 'giname930', 'gidesc930', 3, '20170807', '124335'),
	(947, 'giname931', 'gidesc931', 3, '20170807', '124335'),
	(948, 'giname932', 'gidesc932', 3, '20170807', '124335'),
	(949, 'giname933', 'gidesc933', 3, '20170807', '124335'),
	(950, 'giname934', 'gidesc934', 3, '20170807', '124335'),
	(951, 'giname935', 'gidesc935', 3, '20170807', '124335'),
	(952, 'giname936', 'gidesc936', 3, '20170807', '124335'),
	(953, 'giname937', 'gidesc937', 3, '20170807', '124335'),
	(954, 'giname938', 'gidesc938', 3, '20170807', '124335'),
	(955, 'giname939', 'gidesc939', 3, '20170807', '124335'),
	(956, 'giname940', 'gidesc940', 3, '20170807', '124335'),
	(957, 'giname941', 'gidesc941', 3, '20170807', '124335'),
	(958, 'giname942', 'gidesc942', 3, '20170807', '124335'),
	(959, 'giname943', 'gidesc943', 3, '20170807', '124335'),
	(960, 'giname944', 'gidesc944', 3, '20170807', '124335'),
	(961, 'giname945', 'gidesc945', 3, '20170807', '124335'),
	(962, 'giname946', 'gidesc946', 3, '20170807', '124335'),
	(963, 'giname947', 'gidesc947', 3, '20170807', '124335'),
	(964, 'giname948', 'gidesc948', 3, '20170807', '124335'),
	(965, 'giname949', 'gidesc949', 3, '20170807', '124335'),
	(966, 'giname950', 'gidesc950', 3, '20170807', '124335'),
	(967, 'giname951', 'gidesc951', 3, '20170807', '124335'),
	(968, 'giname952', 'gidesc952', 3, '20170807', '124335'),
	(969, 'giname953', 'gidesc953', 3, '20170807', '124335'),
	(970, 'giname954', 'gidesc954', 3, '20170807', '124335'),
	(971, 'giname955', 'gidesc955', 3, '20170807', '124335'),
	(972, 'giname956', 'gidesc956', 3, '20170807', '124335'),
	(973, 'giname957', 'gidesc957', 3, '20170807', '124335'),
	(974, 'giname958', 'gidesc958', 3, '20170807', '124335'),
	(975, 'giname959', 'gidesc959', 3, '20170807', '124335'),
	(976, 'giname960', 'gidesc960', 3, '20170807', '124335'),
	(977, 'giname961', 'gidesc961', 3, '20170807', '124335'),
	(978, 'giname962', 'gidesc962', 3, '20170807', '124335'),
	(979, 'giname963', 'gidesc963', 3, '20170807', '124335'),
	(980, 'giname964', 'gidesc964', 3, '20170807', '124335'),
	(981, 'giname965', 'gidesc965', 3, '20170807', '124335'),
	(982, 'giname966', 'gidesc966', 3, '20170807', '124335'),
	(983, 'giname967', 'gidesc967', 3, '20170807', '124335'),
	(984, 'giname968', 'gidesc968', 3, '20170807', '124335'),
	(985, 'giname969', 'gidesc969', 3, '20170807', '124335'),
	(986, 'giname970', 'gidesc970', 3, '20170807', '124335'),
	(987, 'giname971', 'gidesc971', 3, '20170807', '124335'),
	(988, 'giname972', 'gidesc972', 3, '20170807', '124335'),
	(989, 'giname973', 'gidesc973', 3, '20170807', '124335'),
	(990, 'giname974', 'gidesc974', 3, '20170807', '124335'),
	(991, 'giname975', 'gidesc975', 3, '20170807', '124335'),
	(992, 'giname976', 'gidesc976', 3, '20170807', '124335'),
	(993, 'giname977', 'gidesc977', 3, '20170807', '124335'),
	(994, 'giname978', 'gidesc978', 3, '20170807', '124335'),
	(995, 'giname979', 'gidesc979', 3, '20170807', '124335'),
	(996, 'giname980', 'gidesc980', 3, '20170807', '124335'),
	(997, 'giname981', 'gidesc981', 3, '20170807', '124335'),
	(998, 'giname982', 'gidesc982', 3, '20170807', '124335'),
	(999, 'giname983', 'gidesc983', 3, '20170807', '124335'),
	(1000, 'giname984', 'gidesc984', 3, '20170807', '124335'),
	(1001, 'giname985', 'gidesc985', 5, '20170807', '124335'),
	(1002, 'giname986', 'gidesc986', 5, '20170807', '124335'),
	(1003, 'giname987', 'gidesc987', 5, '20170807', '124335'),
	(1004, 'giname988', 'gidesc988', 5, '20170807', '124335'),
	(1005, 'giname989', 'gidesc989', 5, '20170807', '124335'),
	(1006, 'giname990', 'gidesc990', 5, '20170807', '124335'),
	(1007, 'giname991', 'gidesc991', 5, '20170807', '124335'),
	(1008, 'giname992', 'gidesc992', 5, '20170807', '124335'),
	(1009, 'giname993', 'gidesc993', 5, '20170807', '124335'),
	(1011, '드론', '미네랄에 끼임....', 5, '20170818', '175302'),
	(1012, '스콜지', '거..죽기 딱 좋은 날씨네..', 5, '20170818', '175238'),
	(1013, '히드라리스크', '속도 업그레이드 중...', 5, '20170818', '175202'),
	(1018, '레이스', '종이비행기', 4, '20170818', '175127'),
	(1019, 'Jose Cuervo', '여름에 먹어야 제맛', 8, '20170818', '100801'),
	(1020, '패트론', '고급진 상품', 8, '20170818', '103656'),
	(1021, '글렌리벳', '가성비 싱글몰트', 9, '20170818', '103833'),
	(1022, '글렌피딕', '녹용이 답이다', 9, '20170818', '110217'),
	(1023, '조니워커 블루', '블렌디드 끝판왕', 9, '20170818', '110917'),
	(1024, '발렌타인스', '가성비가 부족한 블렌디드', 9, '20170818', '111516');
/*!40000 ALTER TABLE `goods_info` ENABLE KEYS */;

-- 테이블 iot.json_table 구조 내보내기
DROP TABLE IF EXISTS `json_table`;
CREATE TABLE IF NOT EXISTS `json_table` (
  `tnum` int(5) DEFAULT NULL,
  `ttitle` varchar(30) DEFAULT NULL,
  `twriter` varchar(10) DEFAULT NULL,
  `tcontent` varchar(100) DEFAULT NULL
) ENGINE=InnoDB DEFAULT CHARSET=utf8;

-- 테이블 데이터 iot.json_table:~4 rows (대략적) 내보내기
DELETE FROM `json_table`;
/*!40000 ALTER TABLE `json_table` DISABLE KEYS */;
INSERT INTO `json_table` (`tnum`, `ttitle`, `twriter`, `tcontent`) VALUES
	(1, 'wow', 'John', 'why not?'),
	(2, 'IOT', 'Jack', 'Internet of Things'),
	(3, 'lists', 'Adam', 'I have no IDEA'),
	(4, 'watt', 'Amy', 'voltage*current');
/*!40000 ALTER TABLE `json_table` ENABLE KEYS */;

-- 테이블 iot.json_test 구조 내보내기
DROP TABLE IF EXISTS `json_test`;
CREATE TABLE IF NOT EXISTS `json_test` (
  `jtnum` int(11) DEFAULT NULL,
  `jttest` varchar(300) DEFAULT NULL
) ENGINE=InnoDB DEFAULT CHARSET=utf8;

-- 테이블 데이터 iot.json_test:~4 rows (대략적) 내보내기
DELETE FROM `json_test`;
/*!40000 ALTER TABLE `json_test` DISABLE KEYS */;
INSERT INTO `json_test` (`jtnum`, `jttest`) VALUES
	(1, 'TEST'),
	(2, 'Qween'),
	(3, 'Lord'),
	(4, 'Jason');
/*!40000 ALTER TABLE `json_test` ENABLE KEYS */;

-- 테이블 iot.user_info 구조 내보내기
DROP TABLE IF EXISTS `user_info`;
CREATE TABLE IF NOT EXISTS `user_info` (
  `usernum` int(5) NOT NULL AUTO_INCREMENT,
  `userid` varchar(30) NOT NULL,
  `username` varchar(100) NOT NULL,
  `age` int(1) NOT NULL,
  `address` varchar(200) NOT NULL,
  `hp1` char(4) DEFAULT NULL,
  `hp2` char(4) DEFAULT NULL,
  `hp3` char(4) DEFAULT NULL,
  `userpwd` varchar(100) NOT NULL,
  PRIMARY KEY (`usernum`),
  UNIQUE KEY `userid` (`userid`)
) ENGINE=InnoDB AUTO_INCREMENT=12 DEFAULT CHARSET=utf8;

-- 테이블 데이터 iot.user_info:~6 rows (대략적) 내보내기
DELETE FROM `user_info`;
/*!40000 ALTER TABLE `user_info` DISABLE KEYS */;
INSERT INTO `user_info` (`usernum`, `userid`, `username`, `age`, `address`, `hp1`, `hp2`, `hp3`, `userpwd`) VALUES
	(1, 'red', '홍길동', 30, '대한민국 인천시', '10', '892', '1023', 'red'),
	(3, 'green', '녹길동', 123, '대한민국 부산시', '321', '123', '453', 'green'),
	(4, 'blue', '청길동', 20, '대한민국 서울시', '123', '432', '1234', 'blue'),
	(5, 'grown', '흙길동', 99, '대한민국 제주특별시', '789', '987', '4564', 'grown'),
	(7, 'black', '흑길동', 951, '대한민국 독도', '4567', '7534', '6985', 'purple'),
	(11, 'purple', '자길동', 75, '대한민국 마라도', '123', '7568', '8789', 'purple');
/*!40000 ALTER TABLE `user_info` ENABLE KEYS */;

-- 테이블 iot.vendor_info 구조 내보내기
DROP TABLE IF EXISTS `vendor_info`;
CREATE TABLE IF NOT EXISTS `vendor_info` (
  `vinum` int(11) NOT NULL AUTO_INCREMENT,
  `viname` varchar(200) NOT NULL,
  `videsc` varchar(300) NOT NULL,
  `viaddress` varchar(300) NOT NULL,
  `viphone` varchar(20) NOT NULL,
  `vicredat` varchar(8) NOT NULL,
  `vicretim` varchar(6) NOT NULL,
  PRIMARY KEY (`vinum`)
) ENGINE=InnoDB AUTO_INCREMENT=11 DEFAULT CHARSET=utf8;

-- 테이블 데이터 iot.vendor_info:~5 rows (대략적) 내보내기
DELETE FROM `vendor_info`;
/*!40000 ALTER TABLE `vendor_info` DISABLE KEYS */;
INSERT INTO `vendor_info` (`vinum`, `viname`, `videsc`, `viaddress`, `viphone`, `vicredat`, `vicretim`) VALUES
	(3, '프로토스', '외계종족', '아이어', '041-833-5363', '20170804', '111246'),
	(4, '테란', '인간', '지구', '031-706-5401', '20170804', '112017'),
	(5, '저그', '외계생명체', '차', '031-721-3640 ', '20170804', '112624'),
	(8, '데킬라', '아가페 증류주', '멕시코', ' 52 374 742 1313', '20170817', '144131'),
	(9, '스카치 위스키', '맥아 증류주', '스코틀랜드', '44 131 220 0441', '20170818', '111608');
/*!40000 ALTER TABLE `vendor_info` ENABLE KEYS */;

-- 프로시저 iot.p_insert_goods_info 구조 내보내기
DROP PROCEDURE IF EXISTS `p_insert_goods_info`;
DELIMITER //
CREATE DEFINER=`root`@`localhost` PROCEDURE `p_insert_goods_info`(IN loop_cnt int(1))
BEGIN
	DECLARE i INT DEFAULT 0;

	/* 만약 SQL에러라면 ROLLBACK 처리한다. */
	DECLARE exit handler for SQLEXCEPTION
	BEGIN
		ROLLBACK;        
	END;
	/* 트랜젝션 시작 */
	START TRANSACTION;
	WHILE (i <= loop_cnt) DO
        INSERT INTO goods_info(giname,gidesc, vinum, gicredat,gicretim)
        VALUES (concat('giname',i), concat('gidesc', i), 1, 
		  DATE_FORMAT(NOW(),'%Y%m%d'), DATE_FORMAT(NOW(),'%H%i%s'));
        SET i = i + 1;
    END WHILE;
	/* 커밋 */
	COMMIT;
END//
DELIMITER ;

/*!40101 SET SQL_MODE=IFNULL(@OLD_SQL_MODE, '') */;
/*!40014 SET FOREIGN_KEY_CHECKS=IF(@OLD_FOREIGN_KEY_CHECKS IS NULL, 1, @OLD_FOREIGN_KEY_CHECKS) */;
/*!40101 SET CHARACTER_SET_CLIENT=@OLD_CHARACTER_SET_CLIENT */;
